Workbook

Sheet 📈 Summary
B1: USABILITY TEST PLAN · Summary Dashboard
B2: Auto-calculated metrics pulled from the Data tab. Fill in Data tab first.
B3: TASK COMPLETION RATES (by Success Code)
B4: Metric | C4: Task 1 | D4: Task 2 | E4: Task 3 | F4: Task 4 | G4: Task 5
B5: ✅ Success | C5: =COUNTIF('📊 Data'!D5:D14,"Success") -> 0 | D5: =COUNTIF('📊 Data'!G5:G14,"Success") -> 0 | E5: =COUNTIF('📊 Data'!J5:J14,"Success") -> 0 | F5: =COUNTIF('📊 Data'!M5:M14,"Success") -> 0 | G5: =COUNTIF('📊 Data'!P5:P14,"Success") -> 0
B6: ⚠️ Partial Fail | C6: =COUNTIF('📊 Data'!D5:D14,"Partial Fail") -> 0 | D6: =COUNTIF('📊 Data'!G5:G14,"Partial Fail") -> 0 | E6: =COUNTIF('📊 Data'!J5:J14,"Partial Fail") -> 0 | F6: =COUNTIF('📊 Data'!M5:M14,"Partial Fail") -> 0 | G6: =COUNTIF('📊 Data'!P5:P14,"Partial Fail") -> 0
B7: ❌ Fail | C7: =COUNTIF('📊 Data'!D5:D14,"Fail") -> 0 | D7: =COUNTIF('📊 Data'!G5:G14,"Fail") -> 0 | E7: =COUNTIF('📊 Data'!J5:J14,"Fail") -> 0 | F7: =COUNTIF('📊 Data'!M5:M14,"Fail") -> 0 | G7: =COUNTIF('📊 Data'!P5:P14,"Fail") -> 0
B8: ⏱️ Time Limit | C8: =COUNTIF('📊 Data'!D5:D14,"Time Limit") -> 0 | D8: =COUNTIF('📊 Data'!G5:G14,"Time Limit") -> 0 | E8: =COUNTIF('📊 Data'!J5:J14,"Time Limit") -> 0 | F8: =COUNTIF('📊 Data'!M5:M14,"Time Limit") -> 0 | G8: =COUNTIF('📊 Data'!P5:P14,"Time Limit") -> 0
B9: 🚪 Give Up | C9: =COUNTIF('📊 Data'!D5:D14,"Give Up") -> 0 | D9: =COUNTIF('📊 Data'!G5:G14,"Give Up") -> 0 | E9: =COUNTIF('📊 Data'!J5:J14,"Give Up") -> 0 | F9: =COUNTIF('📊 Data'!M5:M14,"Give Up") -> 0 | G9: =COUNTIF('📊 Data'!P5:P14,"Give Up") -> 0
B10: 🔧 Technical Issues | C10: =COUNTIF('📊 Data'!D5:D14,"Technical Issues") -> 0 | D10: =COUNTIF('📊 Data'!G5:G14,"Technical Issues") -> 0 | E10: =COUNTIF('📊 Data'!J5:J14,"Technical Issues") -> 0 | F10: =COUNTIF('📊 Data'!M5:M14,"Technical Issues") -> 0 | G10: =COUNTIF('📊 Data'!P5:P14,"Technical Issues") -> 0
B11: 🔘 Other | C11: =COUNTIF('📊 Data'!D5:D14,"Other") -> 0 | D11: =COUNTIF('📊 Data'!G5:G14,"Other") -> 0 | E11: =COUNTIF('📊 Data'!J5:J14,"Other") -> 0 | F11: =COUNTIF('📊 Data'!M5:M14,"Other") -> 0 | G11: =COUNTIF('📊 Data'!P5:P14,"Other") -> 0
B12: 📊 Total Recorded | C12: =COUNTA('📊 Data'!D5:D14) -> 0 | D12: =COUNTA('📊 Data'!G5:G14) -> 0 | E12: =COUNTA('📊 Data'!J5:J14) -> 0 | F12: =COUNTA('📊 Data'!M5:M14) -> 0 | G12: =COUNTA('📊 Data'!P5:P14) -> 0
B13: ✅ Success Rate | C13: =IFERROR(COUNTIF('📊 Data'!D5:D14,"Success")/COUNTA('📊 Data'!D5:D14),"") | D13: =IFERROR(COUNTIF('📊 Data'!G5:G14,"Success")/COUNTA('📊 Data'!G5:G14),"") | E13: =IFERROR(COUNTIF('📊 Data'!J5:J14,"Success")/COUNTA('📊 Data'!J5:J14),"") | F13: =IFERROR(COUNTIF('📊 Data'!M5:M14,"Success")/COUNTA('📊 Data'!M5:M14),"") | G13: =IFERROR(COUNTIF('📊 Data'!P5:P14,"Success")/COUNTA('📊 Data'!P5:P14),"")
B15: TOP-LEVEL FINDINGS SUMMARY
B16: Most Critical Issue
B17: Most Impacted Task
B18: Overall Success Rate | C18: =IFERROR(AVERAGE(C14:G14),"")
B19: Key Recommendation 1
B20: Key Recommendation 2
B21: Key Recommendation 3
B22: Follow-up Questions
B23: Next Steps

Sheet 📋 Study Goals
B1: USABILITY TEST PLAN · Study Goals
B2: Define the objectives for this usability study and how each goal will be measured.
B3: STUDY METADATA
B4: Study Title
B5: Product / Feature
B6: Research Lead
B7: Date(s) of Testing
B8: Methodology
B10: STUDY GOALS
B11: # | C11: Research Goal | D11: Why It Matters | E11: How It Will Be Measured | F11: Priority
B12: 1 | C12: Identify usability issues in the main task flow | D12: Core functionality must be intuitive for users | E12: Usability issues found; time on task | F12: High
B13: 2 | C13: Assess learnability for first-time users | D13: Product targets non-technical audience | E13: Task success rate; qualitative feedback | F13: High
B14: 3 | C14: Evaluate satisfaction with UI language & labels | D14: Confusing labels increase support load | E14: Verbal think-aloud; post-task ratings | F14: Medium
B15: 4 | C15: Benchmark task completion time | D15: Establishes baseline for future tests | E15: Time on task per scenario | F15: Medium
B16: 5
B18: MEASUREMENT METHODS · Reference
B19: Metric | C19: Description | D19: When to Use
B20: Time on Task | C20: Clock time from task start to end (success or stop) | D20: Efficiency benchmarking; identifying slow flows
B21: Task Success Rate | C21: % of participants who complete task successfully | D21: Core usability health metric
B22: Error Rate | C22: # of errors / incorrect actions per task attempt | D22: Identifying misleading UI elements
B23: Think-Aloud Feedback | C23: Verbal commentary captured during the session | D23: Understanding mental models & confusion points
B24: Post-Task Rating | C24: Participant self-report on ease (e.g. SEQ 1–7) | D24: Perceived difficulty vs observed difficulty
B25: Post-Study Questionnaire | C25: SUS, UMUX-Lite, or custom satisfaction survey | D25: Overall satisfaction & benchmarking

Sheet 🗒️ Tasks
B1: USABILITY TEST PLAN · Tasks & Scenarios
B2: Define each task scenario, the starting state, success criteria, and researcher notes.
B3: Task # | C3: Task Title | D3: Task Text (shown to participant) | E3: Success Criteria | F3: Starting State / Pre-conditions | G3: Time Limit (mm:ss) | H3: Difficulty Estimate | I3: Researcher Notes
B4: T1 | C4: Find a product | D4: Starting from the homepage, find the product called "[Product Name]" and add it to your cart. | E4: Participant adds correct item to cart | F4: Logged-out homepage | G4: 03:00 | H4: Easy
B5: T2 | C5: Create an account | D5: Please create a new account using your email address. | E5: Account created; confirmation screen shown | F5: Homepage, logged out | G5: 05:00 | H5: Medium | I5: Watch for confusion on password rules
B6: T3 | C6: Update profile | D6: You have just logged in. Please update your display name to 'Test User'. | E6: Display name updated and saved | F6: Logged-in dashboard | G6: 02:00 | H6: Easy
B7: T4 | C7: Complete checkout | D7: Please complete the purchase of the item in your cart. | E7: Order confirmation page reached | F7: Cart with 1 item | G7: 05:00 | H7: Hard | I7: Note any payment form issues
B8: T5 | C8: Find order history | D8: You placed an order last week. Please find that order and check its current status. | E8: Order status page viewed | F8: Logged-in account | G8: 03:00 | H8: Medium
B13: FACILITATOR SCRIPT GUIDE
B14: Introduction | C14: Welcome the participant, explain the think-aloud protocol, and clarify that you are testing the product, not them. Obtain consent.
B15: Warm-up | C15: Ask 2–3 background questions (e.g. device usage habits) to ease the participant in before tasks begin.
B16: Task Delivery | C16: Read each task aloud and hand the participant the printed/on-screen task card. Do not answer navigational questions — redirect: 'What would you do if I weren't here?'
B17: Wrap-up | C17: Administer post-study questionnaire. Ask any debrief questions. Thank the participant and explain next steps.

Sheet 👥 Participants
B1: USABILITY TEST PLAN · Participants
B2: Section A: Define screening criteria. Section B: Record recruited participant details.
B3: SECTION A · Desired Participant Profile & Screening Criteria
B4: Target User Group | C4: Primary users of the product; existing customers or qualified prospects
B5: Age Range | C5: 18–55
B6: Tech Proficiency | C6: Comfortable using smartphones and web browsers; not IT professionals
B7: Device Requirement | C7: Must own and regularly use a smartphone (iOS or Android)
B8: Language | C8: English (native or fluent)
B9: Location | C9: Canada or United States
B10: Exclusion Criteria | C10: Employees of [Company]; anyone who has participated in a test in last 6 months
B11: Sample Size | C11: 10 participants (minimum 5 for qualitative saturation)
B12: Incentive | C12: $XX gift card or equivalent
B14: SECTION B · Recruited Participant Details
B15: P # | C15: Name / Code | D15: Age | E15: Country | F15: Device Type | G15: OS | H15: Language | I15: Tech Proficiency | J15: Recruited By | K15: Session Date & Time | L15: Notes
B16: P01
B17: P02
B18: P03
B19: P04
B20: P05
B21: P06
B22: P07
B23: P08
B24: P09
B25: P10
B26: P11

Sheet 📊 Data
B1: USABILITY TEST PLAN · Session Data
B2: Record each participant's performance per task. Use the Success Code dropdown for outcome classification.
C3: TASK 1 | F3: TASK 2 | I3: TASK 3 | L3: TASK 4 | O3: TASK 5
B4: P # | C4: Time on Task | D4: Success Code | E4: Observations / Notes | F4: Time on Task | G4: Success Code | H4: Observations / Notes | I4: Time on Task | J4: Success Code | K4: Observations / Notes | L4: Time on Task | M4: Success Code | N4: Observations / Notes | O4: Time on Task | P4: Success Code | Q4: Observations / Notes
B5: P01
B6: P02
B7: P03
B8: P04
B9: P05
B10: P06
B11: P07
B12: P08
B13: P09
B14: P10
B15: P11
B17: SUCCESS CODE LEGEND
B18: Success | C18: Participant completed the task fully and correctly within the time limit. | F18: Partial Fail | G18: Participant completed the task but with significant errors, help, or workarounds.
B19: Fail | C19: Participant did not complete the task and gave an incorrect outcome. | F19: Time Limit | G19: Participant ran out of time before completing the task.
B20: Give Up | C20: Participant abandoned the task of their own volition. | F20: Technical Issues | G20: Session interrupted by a technical problem unrelated to the participant.
B21: Other | C21: Does not fit any other category. Add details in Observations.

Sheet 🔍 Analysis
B1: USABILITY TEST PLAN · Analysis & Recommendations
B2: Synthesize findings per task. Identify key issues, severity, and actionable recommendations.
B3: Analysis Dimension | C3: Task 1 | D3: Task 2 | E3: Task 3 | F3: Task 4 | G3: Task 5
B4: Key Usability Issues Observed | C4: List specific problems seen across participants. | D4: List specific problems seen across participants. | E4: List specific problems seen across participants. | F4: List specific problems seen across participants. | G4: List specific problems seen across participants.
B5: Frequency
B6: Severity
B7: Root Cause (Hypothesis)
B8: Supporting Quotes / Observations
B9: Recommendations
B10: Priority for Fix
B11: Effort Estimate
B12: Additional Notes
B14: SEVERITY RATING GUIDE
B15: Severity | C15: Definition | D15: Frequency Threshold | E15: Recommended Action
B16: Critical | C16: Prevents task completion; user cannot proceed | D16: ≥ 50% of participants | E16: Fix before launch
B17: High | C17: Causes significant struggle; workaround is painful | D17: ≥ 30% of participants | E17: Fix in next sprint
B18: Medium | C18: Causes confusion or delay but task is completable | D18: ≥ 20% of participants | E18: Schedule for roadmap
B19: Low | C19: Minor annoyance; cosmetic or edge-case issue | D19: < 20% of participants | E19: Backlog / nice-to-have
